Name,Artist,Album,Track Number
"I Am A Man Of Constant Sorrow (O Brother, Where Art Thou? Soundtrack)",John Hartford,"O Brother, Where Art Thou? (Soundtrack)",13
"I Am A Man Of Constant Sorrow (O Brother, Where Art Thou? Soundtrack/With Band)",The Soggy Bottom Boys,"O Brother, Where Art Thou? (Soundtrack)",16
The Longest Time,Billy Joel,The Essential Billy Joel,22
Fuckin' In The Bushes,Oasis,Standing on the Shoulder of Giants,1
She's so High,Tal Bachman,Tal Bachman,2
One (Your Name) [feat. Pharrell] [Radio Edit],Swedish House Mafia,One (Your Name) [feat. Pharrell],1
Hard Knock Life (Ghetto Anthem),Jay-Z,Vol.2 ... Hard Knock Life,2
Garbage Truck,Sex Bob-Omb,Scott Pilgrim vs. the World (Original Motion Picture Soundtrack),8
Ramona (Acoustic Version),Beck,Scott Pilgrim vs. the World (Original Motion Picture Soundtrack),16
Ramona,Beck,Scott Pilgrim vs. the World (Original Motion Picture Soundtrack),17
Livin' Thing,Electric Light Orchestra,All Over The World: The Very Best Of ELO,10
Telephone Line,Electric Light Orchestra,All Over The World: The Very Best Of ELO,11
Wild West Hero,Electric Light Orchestra,All Over The World: The Very Best Of ELO,13
Hold on Tight,Electric Light Orchestra,All Over The World: The Very Best Of ELO,9
Showdown,Electric Light Orchestra,All Over The World: The Very Best Of ELO,14
Ma-Ma-Ma Belle,Electric Light Orchestra,All Over The World: The Very Best Of ELO,15
Xanadu (New Version),Electric Light Orchestra,All Over The World: The Very Best Of ELO,16
Strange Magic,Electric Light Orchestra,All Over The World: The Very Best Of ELO,18
Alright,Electric Light Orchestra,All Over The World: The Very Best Of ELO,19
"Rock ""n"" Roll Is King",Electric Light Orchestra,All Over The World: The Very Best Of ELO,20
Rockaria!,Electric Light Orchestra,All Over The World: The Very Best Of ELO,17
Confusion,Electric Light Orchestra,All Over The World: The Very Best Of ELO,8
The Diary of Horace Wimp,Electric Light Orchestra,All Over The World: The Very Best Of ELO,7
Mr. Blue Sky,Electric Light Orchestra,All Over The World: The Very Best Of ELO,1
Evil Woman,Electric Light Orchestra,All Over The World: The Very Best Of ELO,2
Don't Bring Me Down,Electric Light Orchestra,All Over The World: The Very Best Of ELO,3
Sweet Talkin' Woman,Electric Light Orchestra,All Over The World: The Very Best Of ELO,4
Shine a Little Love,Electric Light Orchestra,All Over The World: The Very Best Of ELO,5
Turn to Stone,Electric Light Orchestra,All Over The World: The Very Best Of ELO,6
LISZTOMANIA (ALEX METRIC RMX) (REMIX VERSION),Phoenix,Wolfgang Amadeus Phoenix (Remix Collection),1
More Than a Feeling,Boston,Greatest Hits,3
Peace Of Mind (Album Version),Boston,Greatest Hits,4
Don't Look Back,Boston,Greatest Hits,5
Higher Power (Album Version),Boston,Greatest Hits,2
Feelin' Satisfied (Album Version),Boston,Greatest Hits,8
Party (Album Version),Boston,Greatest Hits,9
Rock & Roll Band (Album Version),Boston,Greatest Hits,12
Smokin' (Album Version),Boston,Greatest Hits,13
A Man I'll Never Be (Album Version),Boston,Greatest Hits,14
Higher Power (Album Version),Boston,Greatest Hits,16
Tell Me (Album Version),Boston,Greatest Hits,1
