Name,Artist,Album,Track Number
Rhymin & Stealin,Beastie Boys,Licensed To Ill,1
The New Style,Beastie Boys,Licensed To Ill,2
She's Crafty,Beastie Boys,Licensed To Ill,3
Posse In Effect,Beastie Boys,Licensed To Ill,4
Slow Ride,Beastie Boys,Licensed To Ill,5
Girls,Beastie Boys,Licensed To Ill,6
Fight For Your Right,Beastie Boys,Licensed To Ill,7
No Sleep Till Brooklyn,Beastie Boys,Licensed To Ill,8
Paul Revere,Beastie Boys,Licensed To Ill,9
"Hold It Now, Hit It",Beastie Boys,Licensed To Ill,10
Brass Monkey,Beastie Boys,Licensed To Ill,11
Slow And Low,Beastie Boys,Licensed To Ill,12
Time To Get Ill,Beastie Boys,Licensed To Ill,13
To All The Girls,Beastie Boys,Paul's Boutique (20th Anniversary Remastered Edition),1
Shake Your Rump,Beastie Boys,Paul's Boutique (20th Anniversary Remastered Edition),2
Johnny Ryall,Beastie Boys,Paul's Boutique (20th Anniversary Remastered Edition),3
Egg Man,Beastie Boys,Paul's Boutique (20th Anniversary Remastered Edition),4
High Plains Drifter,Beastie Boys,Paul's Boutique (20th Anniversary Remastered Edition),5
The Sounds Of Science,Beastie Boys,Paul's Boutique (20th Anniversary Remastered Edition),6
3-Minute Rule,Beastie Boys,Paul's Boutique (20th Anniversary Remastered Edition),7
Hey Ladies,Beastie Boys,Paul's Boutique (20th Anniversary Remastered Edition),8
5-Piece Chicken Dinner (Instrumental),Beastie Boys,Paul's Boutique (20th Anniversary Remastered Edition),9
Looking Down The Barrel Of A Gun,Beastie Boys,Paul's Boutique (20th Anniversary Remastered Edition),10
Car Thief,Beastie Boys,Paul's Boutique (20th Anniversary Remastered Edition),11
What Comes Around,Beastie Boys,Paul's Boutique (20th Anniversary Remastered Edition),12
Shadrach,Beastie Boys,Paul's Boutique (20th Anniversary Remastered Edition),13
Ask For Janice,Beastie Boys,Paul's Boutique (20th Anniversary Remastered Edition),14
B-Boy Bouillabaisse: 59 Chrystie Street,Beastie Boys,Paul's Boutique (20th Anniversary Remastered Edition),15
B-Boy Bouillabaisse: Get On The Mic,Beastie Boys,Paul's Boutique (20th Anniversary Remastered Edition),16
B-Boy Bouillabaisse: Stop That Train,Beastie Boys,Paul's Boutique (20th Anniversary Remastered Edition),17
B-Boy Bouillabaisse: A Year And A Day,Beastie Boys,Paul's Boutique (20th Anniversary Remastered Edition),18
B-Boy Bouillabaisse: Hello Brooklyn,Beastie Boys,Paul's Boutique (20th Anniversary Remastered Edition),19
B-Boy Bouillabaisse: Dropping Names,Beastie Boys,Paul's Boutique (20th Anniversary Remastered Edition),20
B-Boy Bouillabaisse: Lay It On Me,Beastie Boys,Paul's Boutique (20th Anniversary Remastered Edition),21
B-Boy Bouillabaisse: Mike On The Mic,Beastie Boys,Paul's Boutique (20th Anniversary Remastered Edition),22
B-Boy Bouillabaisse: A.W.O.L.,Beastie Boys,Paul's Boutique (20th Anniversary Remastered Edition),23
Jimmy James,Beastie Boys,Check Your Head (Deluxe Version) [Remastered],1
Funky Boss,Beastie Boys,Check Your Head (Deluxe Version) [Remastered],2
Pass The Mic,Beastie Boys,Check Your Head (Deluxe Version) [Remastered],3
Gratitude,Beastie Boys,Check Your Head (Deluxe Version) [Remastered],4
Lighten Up,Beastie Boys,Check Your Head (Deluxe Version) [Remastered],5
Finger Lickin' Good,Beastie Boys,Check Your Head (Deluxe Version) [Remastered],6
So What'Cha Want,Beastie Boys,Check Your Head (Deluxe Version) [Remastered],7
The Biz Vs. The Nuge,Beastie Boys,Check Your Head (Deluxe Version) [Remastered],8
Time For Livin',Beastie Boys,Check Your Head (Deluxe Version) [Remastered],9
Something's Got To Give,Beastie Boys,Check Your Head (Deluxe Version) [Remastered],10
The Blue Nun,Beastie Boys,Check Your Head (Deluxe Version) [Remastered],11
Stand Together,Beastie Boys,Check Your Head (Deluxe Version) [Remastered],12
Pow,Beastie Boys,Check Your Head (Deluxe Version) [Remastered],13
The Maestro,Beastie Boys,Check Your Head (Deluxe Version) [Remastered],14
Groove Holmes,Beastie Boys,Check Your Head (Deluxe Version) [Remastered],15
Live At P.J.'s,Beastie Boys,Check Your Head (Deluxe Version) [Remastered],16
Mark On The Bus,Beastie Boys,Check Your Head (Deluxe Version) [Remastered],17
Professor Booty,Beastie Boys,Check Your Head (Deluxe Version) [Remastered],18
In 3's,Beastie Boys,Check Your Head (Deluxe Version) [Remastered],19
Namaste,Beastie Boys,Check Your Head (Deluxe Version) [Remastered],20
Dub The Mic (Instrumental),Beastie Boys,Check Your Head (Deluxe Version) [Remastered],21
"Pass The Mic (Pt. 2, Skills To Pay The Bills)",Beastie Boys,Check Your Head (Deluxe Version) [Remastered],22
Drunken Praying Mantis Style (Instrumental),Beastie Boys,Check Your Head (Deluxe Version) [Remastered],23
Netty's Girl,Beastie Boys,Check Your Head (Deluxe Version) [Remastered],24
The Skills To Pay The Bills,Beastie Boys,Check Your Head (Deluxe Version) [Remastered],25
So What'Cha Want (Soul Assassin Remix Version),Beastie Boys,Check Your Head (Deluxe Version) [Remastered],26
So What'Cha Want (Butt Naked Version),Beastie Boys,Check Your Head (Deluxe Version) [Remastered],27
Groove Holmes (Live Vs. The Biz),Beastie Boys,Check Your Head (Deluxe Version) [Remastered],28
So What'Cha Want (All The Way Live Freestyle Version),Beastie Boys,Check Your Head (Deluxe Version) [Remastered],29
"Stand Together (Live At French's Tavern, Sydney, Australia) (2009 Digital Remaster) (Live At French's Tavern, Sydney, Australia)",Beastie Boys,Check Your Head (Deluxe Version) [Remastered],30
Finger Lickin' Good (Government Cheese Remix) (2009 Digital Remaster) (Government Cheese Remix),Beastie Boys,Check Your Head (Deluxe Version) [Remastered],31
Gratitude (Live At Budokan),Beastie Boys,Check Your Head (Deluxe Version) [Remastered],32
Honky Rink,Beastie Boys,Check Your Head (Deluxe Version) [Remastered],33
Jimmy James (Original Original Version),Beastie Boys,Check Your Head (Deluxe Version) [Remastered],34
Boomin' Granny,Beastie Boys,Check Your Head (Deluxe Version) [Remastered],35
Drinkin' Wine (Instrumental),Beastie Boys,Check Your Head (Deluxe Version) [Remastered],36
Sure Shot (2009 Digital Remaster),Beastie Boys,Ill Communication (Deluxe Version) [Remastered],1
Tough Guy (2009 Digital Remaster),Beastie Boys,Ill Communication (Deluxe Version) [Remastered],2
B-Boys Makin' With The Freak Freak (2009 Digital Remaster),Beastie Boys,Ill Communication (Deluxe Version) [Remastered],3
Bobo On The Corner (2009 Digital Remaster),Beastie Boys,Ill Communication (Deluxe Version) [Remastered],4
Root Down (2009 Digital Remaster),Beastie Boys,Ill Communication (Deluxe Version) [Remastered],5
Sabotage (2009 Digital Remaster),Beastie Boys,Ill Communication (Deluxe Version) [Remastered],6
Get It Together (2009 Digital Remaster),Beastie Boys,Ill Communication (Deluxe Version) [Remastered],7
Sabrosa (2009 Digital Remaster),Beastie Boys,Ill Communication (Deluxe Version) [Remastered],8
The Update (2009 Digital Remaster),Beastie Boys,Ill Communication (Deluxe Version) [Remastered],9
Futterman's Rule (2009 Digital Remaster),Beastie Boys,Ill Communication (Deluxe Version) [Remastered],10
Alright Hear This (2009 Digital Remaster),Beastie Boys,Ill Communication (Deluxe Version) [Remastered],11
Eugene's Lament (2009 Digital Remaster),Beastie Boys,Ill Communication (Deluxe Version) [Remastered],12
Flute Loop (2009 Digital Remaster),Beastie Boys,Ill Communication (Deluxe Version) [Remastered],13
Do It (2009 Digital Remaster),Beastie Boys,Ill Communication (Deluxe Version) [Remastered],14
Ricky's Theme (2009 Digital Remaster),Beastie Boys,Ill Communication (Deluxe Version) [Remastered],15
Heart Attack Man (2009 Digital Remaster),Beastie Boys,Ill Communication (Deluxe Version) [Remastered],16
The Scoop (2009 Digital Remaster),Beastie Boys,Ill Communication (Deluxe Version) [Remastered],17
Shambala (2009 Digital Remaster),Beastie Boys,Ill Communication (Deluxe Version) [Remastered],18
Bodhisattva Vow (2009 Digital Remaster),Beastie Boys,Ill Communication (Deluxe Version) [Remastered],19
Transitions (2009 Digital Remaster),Beastie Boys,Ill Communication (Deluxe Version) [Remastered],20
Root Down (Free Zone Mix) (2009 Digital Remaster) (Free Zone Mix),Beastie Boys,Ill Communication (Deluxe Version) [Remastered],21
Resolution Time (2009 Digital Remaster),Beastie Boys,Ill Communication (Deluxe Version) [Remastered],22
Get It Together (Buck-Wild Remix) (2009 Digital Remaster) (Buck-Wild Remix),Beastie Boys,Ill Communication (Deluxe Version) [Remastered],23
Dope Little Song (2009 Digital Remaster),Beastie Boys,Ill Communication (Deluxe Version) [Remastered],24
Sure Shot (European B-Boy Mix) (2009 Digital Remaster) (European B-Boy Mix),Beastie Boys,Ill Communication (Deluxe Version) [Remastered],25
Heart Attack Man (Unplugged),Beastie Boys,Ill Communication (Deluxe Version) [Remastered],26
The Vibes (2009 Digital Remaster),Beastie Boys,Ill Communication (Deluxe Version) [Remastered],27
Atwater Basketball Association File No. 172-C,Beastie Boys,Ill Communication (Deluxe Version) [Remastered],28
Heart Attack Man (Live) (2009 Digital Remaster) (Live),Beastie Boys,Ill Communication (Deluxe Version) [Remastered],29
The Maestro (Live) (2009 Digital Remaster) (Live),Beastie Boys,Ill Communication (Deluxe Version) [Remastered],30
Mullet Head (2009 Digital Remaster),Beastie Boys,Ill Communication (Deluxe Version) [Remastered],31
Sure Shot (European B-Boy Mix Instrumental) (2009 Digital Remaster) (European B-Boy Mix Instrumental),Beastie Boys,Ill Communication (Deluxe Version) [Remastered],32
Super Disco Breakin' (2009 Digital Remaster) (2009 Digital Remaster;),Beastie Boys,Hello Nasty (Deluxe Version) [Remastered],1
The Move (2009 Digital Remaster) (2009 Digital Remaster;),Beastie Boys,Hello Nasty (Deluxe Version) [Remastered],2
Remote Control (2009 Digital Remaster),Beastie Boys,Hello Nasty (Deluxe Version) [Remastered],3
Song For The Man (2009 Digital Remaster),Beastie Boys,Hello Nasty (Deluxe Version) [Remastered],4
Just A Test (2009 Digital Remaster),Beastie Boys,Hello Nasty (Deluxe Version) [Remastered],5
Body Movin' (2009 Digital Remaster) (2009 Digital Remaster;),Beastie Boys,Hello Nasty (Deluxe Version) [Remastered],6
Intergalactic (2009 Digital Remaster),Beastie Boys,Hello Nasty (Deluxe Version) [Remastered],7
Sneakin' Out The Hospital (2009 Digital Remaster),Beastie Boys,Hello Nasty (Deluxe Version) [Remastered],8
Putting Shame In Your Game (2009 Digital Remaster) (2009 Digital Remaster;),Beastie Boys,Hello Nasty (Deluxe Version) [Remastered],9
Flowin' Prose (2009 Digital Remaster),Beastie Boys,Hello Nasty (Deluxe Version) [Remastered],10
And Me (2009 Digital Remaster),Beastie Boys,Hello Nasty (Deluxe Version) [Remastered],11
Three MC's and One DJ (2009 Digital Remaster) (2009 Digital Remaster;),Beastie Boys,Hello Nasty (Deluxe Version) [Remastered],12
The Grasshopper Unit (Keep Movin') (2009 Digital Remaster),Beastie Boys,Hello Nasty (Deluxe Version) [Remastered],13
Song For Junior (2009 Digital Remaster),Beastie Boys,Hello Nasty (Deluxe Version) [Remastered],14
I Don't Know (2009 Digital Remaster),Beastie Boys,Hello Nasty (Deluxe Version) [Remastered],15
The Negotiation Limerick File (2009 Digital Remaster),Beastie Boys,Hello Nasty (Deluxe Version) [Remastered],16
Electrify (2009 Digital Remaster) (2009 Digital Remaster;),Beastie Boys,Hello Nasty (Deluxe Version) [Remastered],17
Picture This (2009 Digital Remaster),Beastie Boys,Hello Nasty (Deluxe Version) [Remastered],18
Unite (2009 Digital Remaster),Beastie Boys,Hello Nasty (Deluxe Version) [Remastered],19
Dedication (2009 Digital Remaster),Beastie Boys,Hello Nasty (Deluxe Version) [Remastered],20
"Dr. Lee, PhD (2009 Digital Remaster)",Beastie Boys,Hello Nasty (Deluxe Version) [Remastered],21
Instant Death (2009 Digital Remaster),Beastie Boys,Hello Nasty (Deluxe Version) [Remastered],22
Description Of A Strange Man,Beastie Boys,Hello Nasty (Deluxe Version) [Remastered],23
Dirty Dog,Beastie Boys,Hello Nasty (Deluxe Version) [Remastered],24
Intergalactic (Colleone & Webb Remix) (2009 Digital Remaster) (Colleone & Webb Remix),Beastie Boys,Hello Nasty (Deluxe Version) [Remastered],25
"Dr. Lee, PhD (Dub Mix) (2009 Digital Remaster) (Dub Mix)",Beastie Boys,Hello Nasty (Deluxe Version) [Remastered],26
Switched On,Beastie Boys,Hello Nasty (Deluxe Version) [Remastered],27
Body Movin' (Fatboy Slim Remix) (2009 Digital Remaster) (Fatboy Slim Remix),Beastie Boys,Hello Nasty (Deluxe Version) [Remastered],28
Auntie Jackie Poom Poom Delicious,Beastie Boys,Hello Nasty (Deluxe Version) [Remastered],29
Putting Shame In Your Game (Prunes Remix) (2009 Digital Remaster) (Prunes Remix),Beastie Boys,Hello Nasty (Deluxe Version) [Remastered],30
Stink Bug,Beastie Boys,Hello Nasty (Deluxe Version) [Remastered],31
Peanut Butter And Jelly (2009 Digital Remaster),Beastie Boys,Hello Nasty (Deluxe Version) [Remastered],32
Piano Jam,Beastie Boys,Hello Nasty (Deluxe Version) [Remastered],33
Happy To Be In That Perfect Headspace,Beastie Boys,Hello Nasty (Deluxe Version) [Remastered],34
The Negotiation Limerick File (The 41 Small Star Remix) (2009 Digital Remaster) (The 41 Small Star Remix;2009 Digital Remaster),Beastie Boys,Hello Nasty (Deluxe Version) [Remastered],35
The Drone,Beastie Boys,Hello Nasty (Deluxe Version) [Remastered],36
20 Questions Version,Beastie Boys,Hello Nasty (Deluxe Version) [Remastered],37
The Biz Grasshopper Experiment,Beastie Boys,Hello Nasty (Deluxe Version) [Remastered],38
Hail Sagan (Special K) (2009 Digital Remaster),Beastie Boys,Hello Nasty (Deluxe Version) [Remastered],39
Body Movin' (Kut Masta Kurt Re-Mix) (2009 Digital Remaster) (Kut Masta Kurt Re-Mix;2009 Digital Remaster;),Beastie Boys,Hello Nasty (Deluxe Version) [Remastered],40
Creepin',Beastie Boys,Hello Nasty (Deluxe Version) [Remastered],41
Learning Remote Control,Beastie Boys,Hello Nasty (Deluxe Version) [Remastered],42
Oh My Goodness This Record's Incredible,Beastie Boys,Hello Nasty (Deluxe Version) [Remastered],43
Ch-Check It Out,Beastie Boys,To The 5 Boroughs,1
Right Right Now Now,Beastie Boys,To The 5 Boroughs,2
3 The Hard Way,Beastie Boys,To The 5 Boroughs,3
It Takes Time To Build,Beastie Boys,To The 5 Boroughs,4
Rhyme The Rhyme Well,Beastie Boys,To The 5 Boroughs,5
Triple Trouble,Beastie Boys,To The 5 Boroughs,6
Hey Fuck You,Beastie Boys,To The 5 Boroughs,7
Oh Word?,Beastie Boys,To The 5 Boroughs,8
That's It That's All,Beastie Boys,To The 5 Boroughs,9
All Lifestyles,Beastie Boys,To The 5 Boroughs,10
Shazam!,Beastie Boys,To The 5 Boroughs,11
An Open Letter To NYC,Beastie Boys,To The 5 Boroughs,12
Crawlspace,Beastie Boys,To The 5 Boroughs,13
The Brouhaha,Beastie Boys,To The 5 Boroughs,14
We Got The,Beastie Boys,To The 5 Boroughs,15
B For My Name,Beastie Boys,The Mix-Up,1
14th St. Break,Beastie Boys,The Mix-Up,2
Suco De Tangerina,Beastie Boys,The Mix-Up,3
The Gala Event,Beastie Boys,The Mix-Up,4
Electric Worm,Beastie Boys,The Mix-Up,5
Freaky Hijiki,Beastie Boys,The Mix-Up,6
Off The Grid,Beastie Boys,The Mix-Up,7
The Rat Cage,Beastie Boys,The Mix-Up,8
The Melee,Beastie Boys,The Mix-Up,9
Dramastically Different,Beastie Boys,The Mix-Up,10
The Cousin Of Death,Beastie Boys,The Mix-Up,11
The Kangaroo Rat,Beastie Boys,The Mix-Up,12
Politickin',Beastie Boys,The Mix Up Bonus Tracks,1
Beasley Is A Beast,Beastie Boys,The Mix Up Bonus Tracks,2
LTD,Beastie Boys,The Mix Up Bonus Tracks,3
The Panda Rat,Beastie Boys,The Mix Up Bonus Tracks,4
The Mix Up,Beastie Boys,The Mix Up Bonus Tracks,5
Fibonacci Sequence,Beastie Boys,The Mix Up Bonus Tracks,6
Make Some Noise,Beastie Boys,Hot Sauce Committee Part Two,1
Nonstop Disco Powerpack,Beastie Boys,Hot Sauce Committee Part Two,2
Ok,Beastie Boys,Hot Sauce Committee Part Two,3
Too Many Rappers (New Reactionaries Version) [feat. Nas],Beastie Boys,Hot Sauce Committee Part Two,4
Say It,Beastie Boys,Hot Sauce Committee Part Two,5
The Bill Harper Collection,Beastie Boys,Hot Sauce Committee Part Two,6
Don't Play No Game That I Can't Win (featuring Santigold),Beastie Boys,Hot Sauce Committee Part Two,7
Long Burn the Fire,Beastie Boys,Hot Sauce Committee Part Two,8
Funky Donkey,Beastie Boys,Hot Sauce Committee Part Two,9
The Larry Routine,Beastie Boys,Hot Sauce Committee Part Two,10
Tadlock's Glasses,Beastie Boys,Hot Sauce Committee Part Two,11
Lee Majors Come Again,Beastie Boys,Hot Sauce Committee Part Two,12
Multilateral Nuclear Disarmament,Beastie Boys,Hot Sauce Committee Part Two,13
Here's A Little Something For Ya,Beastie Boys,Hot Sauce Committee Part Two,14
Crazy Ass Shit,Beastie Boys,Hot Sauce Committee Part Two,15
The Lisa Lisa / Full Force Routine,Beastie Boys,Hot Sauce Committee Part Two,16
