Name,Artist,Album,Track Number
Paul Revere,Beastie Boys,Licensed To Ill,9
Sure Shot (2009 Digital Remaster),Beastie Boys,Ill Communication (Deluxe Version) [Remastered],1
Time To Get Ill,Beastie Boys,Licensed To Ill,13
So What'Cha Want (Digitally Remastered 2005),Beastie Boys,Solid Gold Hits,1
No Sleep Till Brooklyn,Beastie Boys,Solid Gold Hits,4
Sabotage (2009 Digital Remaster),Beastie Boys,Ill Communication (Deluxe Version) [Remastered],6
Hey Ladies,Beastie Boys,Paul's Boutique (20th Anniversary Remastered Edition),8
Super Disco Breakin' (2009 Digital Remaster) (2009 Digital Remaster;),Beastie Boys,Hello Nasty (Deluxe Version) [Remastered],1
Body Movin' (2009 Digital Remaster) (2009 Digital Remaster;),Beastie Boys,Hello Nasty (Deluxe Version) [Remastered],6
Intergalactic (2009 Digital Remaster),Beastie Boys,Hello Nasty (Deluxe Version) [Remastered],7
Sabrosa,Beastie Boys,The In Sound From Way Out!,2
Shadrach,Beastie Boys,Paul's Boutique,13
Finger Lickin' Good,Beastie Boys,Check Your Head (Deluxe Version) [Remastered],6
The Maestro,Beastie Boys,Check Your Head (Deluxe Version) [Remastered],14
Jimmy James,Beastie Boys,Check Your Head (Deluxe Version) [Remastered],1
Remote Control,Beastie Boys,Hello Nasty,3
Shake Your Rump,Beastie Boys,Paul's Boutique (20th Anniversary Remastered Edition),2
Three MC's and One DJ (2009 Digital Remaster) (2009 Digital Remaster;),Beastie Boys,Hello Nasty (Deluxe Version) [Remastered],12
Pass The Mic,Beastie Boys,Check Your Head (Deluxe Version) [Remastered],3
Gratitude,Beastie Boys,Check Your Head (Deluxe Version) [Remastered],4
Body Movin' (Fatboy Slim Remix) (2009 Digital Remaster) (Fatboy Slim Remix),Beastie Boys,Hello Nasty (Deluxe Version) [Remastered],28
"Hold It Now, Hit It",Beastie Boys,Licensed To Ill,10
Brass Monkey,Beastie Boys,Licensed To Ill,11
(You Gotta ) Fight For Your Right (To Party),Beastie Boys,Def Jam Music Group Tenth Year Anniversary Box Set,31
5-Piece Chicken Dinner,Beastie Boys,Paul's Boutique,9
I Don't Know,Beastie Boys,Hello Nasty,15
It Takes Time To Build,Beastie Boys,To The 5 Boroughs,4
The Sounds Of Science,Beastie Boys,Paul's Boutique (20th Anniversary Remastered Edition),6
Bodhisattva Vow (2009 Digital Remaster),Beastie Boys,Ill Communication (Deluxe Version) [Remastered],19
An Open Letter To NYC,Beastie Boys,To The 5 Boroughs,12
Do It (2009 Digital Remaster),Beastie Boys,Ill Communication (Deluxe Version) [Remastered],14
Ch-Check It Out,Beastie Boys,To The 5 Boroughs,1
Looking Down The Barrel Of A Gun,Beastie Boys,Paul's Boutique (20th Anniversary Remastered Edition),10
Root Down (2009 Digital Remaster),Beastie Boys,Ill Communication (Deluxe Version) [Remastered],5
