{
  "comments": [
    {
      "comment": "BAY BEH\n\nNo wonder Heidi Klum married this guy. Shit.", 
      "replies": [], 
      "on_item": {
        "name": "Kiss From A Rose", 
        "by": "Seal"
      }, 
      "likes": [], 
      "posted": "2013-06-01T21:29:40"
    }, 
    {
      "comment": "REPEAT ONE AD INFINITUM", 
      "replies": [], 
      "on_item": {
        "name": "Get Lucky (Radio Edit)", 
        "by": "Daft Punk"
      }, 
      "likes": [], 
      "posted": "2013-04-19T21:59:57"
    }, 
    {
      "comment": "FR*CK. SH**T. D*NG.", 
      "replies": [], 
      "on_item": {
        "name": "Get Lucky (Radio Edit)", 
        "by": "Daft Punk"
      }, 
      "likes": [], 
      "posted": "2013-04-19T21:55:17"
    }, 
    {
      "comment": "Eighteen thumbs up.", 
      "replies": [], 
      "on_item": {
        "name": "The Gravel Road (Score)", 
        "by": "James Newton Howard"
      }, 
      "likes": [], 
      "posted": "2013-04-04T01:09:06"
    }, 
    {
      "comment": "This track makes me want to ride bikes through rural early-1800s England while the afternoon sun beams through the trees. I wish it was a million billion minutes long.\n\nAnyways.", 
      "replies": [], 
      "on_item": {
        "name": "La Corde", 
        "by": "Yann Tiersen"
      }, 
      "likes": [], 
      "posted": "2013-03-25T22:03:55"
    }, 
    {
      "comment": "Yep, that\u2019s good. The little thing in the middle is super fresh. Whatever you call it. I don\u2019t know. The thing. It\u2019s a cool thing.", 
      "replies": [], 
      "on_item": {
        "name": "Bad Religion", 
        "by": "Frank Ocean"
      }, 
      "likes": [], 
      "posted": "2013-01-29T21:19:13"
    }, 
    {
      "comment": "EVERY TIME this song comes on I have to listen to it at least five times.\n\nEVERY\n\nTIME.", 
      "replies": [], 
      "on_item": {
        "name": "Preparations for the Last TV Fake", 
        "by": "Yann Tiersen"
      }, 
      "likes": [], 
      "posted": "2013-01-16T04:27:37"
    }, 
    {
      "comment": "Beautiful.", 
      "replies": [], 
      "on_item": {
        "name": "Salesman at the Day of the Parade", 
        "by": "Rogue Wave"
      }, 
      "likes": [], 
      "posted": "2012-12-12T12:29:03"
    }, 
    {
      "comment": "This is palatable.", 
      "replies": [], 
      "on_item": {
        "name": "White Sky (Warp Dub)", 
        "by": "Vampire Weekend"
      }, 
      "likes": [], 
      "posted": "2012-12-12T11:59:05"
    }, 
    {
      "comment": "Beautiful.", 
      "replies": [], 
      "on_item": {
        "name": "A Lack of Color", 
        "by": "Death Cab for Cutie"
      }, 
      "likes": [], 
      "posted": "2012-11-10T15:06:26"
    }, 
    {
      "comment": "FACT: My favorite part of this song is the kids yelling at 2:13.", 
      "replies": [], 
      "on_item": {
        "name": "15 Step", 
        "by": "Radiohead"
      }, 
      "likes": [], 
      "posted": "2012-10-31T00:52:33"
    }, 
    {
      "comment": "The beginning of this song reminds me of a video game. Good driving music.", 
      "replies": [], 
      "on_item": {
        "name": "Self-Starter", 
        "by": "Anberlin"
      }, 
      "likes": [], 
      "posted": "2012-10-30T22:47:08"
    }, 
    {
      "comment": "So good as well!!", 
      "replies": [], 
      "on_item": {
        "name": "Intentions", 
        "by": "Anberlin"
      }, 
      "likes": [], 
      "posted": "2012-10-30T22:46:33"
    }, 
    {
      "comment": "So good!!", 
      "replies": [], 
      "on_item": {
        "name": "Modern Age", 
        "by": "Anberlin"
      }, 
      "likes": [], 
      "posted": "2012-10-30T22:46:15"
    }, 
    {
      "comment": "I\u2019ve been looking for this track ever since I heard it on SNL. Good stuff. The rest of the album doesn\u2019t really do it for me, though, but hey, that\u2019s ok.", 
      "replies": [], 
      "on_item": {
        "name": "Madness", 
        "by": "Muse"
      }, 
      "likes": [], 
      "posted": "2012-10-23T00:58:49"
    }, 
    {
      "comment": "RIP Gowalla :C", 
      "replies": [], 
      "on_item": {
        "name": "Sidewalks", 
        "by": "Matt & Kim"
      }, 
      "likes": [], 
      "posted": "2012-10-02T23:16:56"
    }, 
    {
      "comment": "Fuck you, IE9.", 
      "replies": [], 
      "on_item": {
        "name": "Too Close", 
        "by": "Alex Clare"
      }, 
      "likes": [], 
      "posted": "2012-08-22T22:52:07"
    }, 
    {
      "comment": "The amount that I love this song cannot be quantified with current human love units.", 
      "replies": [], 
      "on_item": {
        "name": "Face To Face", 
        "by": "Daft Punk"
      }, 
      "likes": [], 
      "posted": "2012-08-22T01:46:04"
    }, 
    {
      "comment": "The first few seconds of this song always makes me think of Ghostbusters.", 
      "replies": [], 
      "on_item": {
        "name": "Short Circuit", 
        "by": "Daft Punk"
      }, 
      "likes": [], 
      "posted": "2012-08-22T01:41:56"
    }, 
    {
      "comment": "So very good.", 
      "replies": [], 
      "on_item": {
        "name": "Panopticon", 
        "by": "The Smashing Pumpkins"
      }, 
      "likes": [], 
      "posted": "2012-06-22T19:37:42"
    }, 
    {
      "comment": "Good good good good good good good good good good, yes yes yes yes very good.", 
      "replies": [], 
      "on_item": {
        "name": "Continued Silence EP", 
        "by": "Imagine Dragons"
      }, 
      "likes": [], 
      "posted": "2012-06-05T02:44:00"
    }, 
    {
      "comment": "Beautiful song.", 
      "replies": [], 
      "on_item": {
        "name": "Beautiful Tango", 
        "by": "Hindi Zahra"
      }, 
      "likes": [], 
      "posted": "2012-05-30T01:43:14"
    }, 
    {
      "comment": "Man, I love this song.", 
      "replies": [], 
      "on_item": {
        "name": "Pentagram", 
        "by": "Cake"
      }, 
      "likes": [], 
      "posted": "2012-05-24T00:53:41"
    }, 
    {
      "comment": "I just got the overwhelming desire to listen to this album.", 
      "replies": [], 
      "on_item": {
        "name": "Codes and Keys", 
        "by": "Death Cab for Cutie"
      }, 
      "likes": [
        "melibeli7"
      ], 
      "posted": "2012-05-23T23:24:22"
    }, 
    {
      "comment": "I just got the overwhelming desire to listen to this song.", 
      "replies": [], 
      "on_item": {
        "name": "Underneath The Sycamore", 
        "by": "Death Cab for Cutie"
      }, 
      "likes": [
        "melibeli7"
      ], 
      "posted": "2012-05-23T23:09:36"
    }, 
    {
      "comment": "Stellar album. Had it on repeat for the past week.", 
      "replies": [], 
      "on_item": {
        "name": "Making Mirrors", 
        "by": "Gotye"
      }, 
      "likes": [], 
      "posted": "2012-03-31T00:57:40"
    }, 
    {
      "comment": "This song makes me want to buy an elevator so I can play this in it.", 
      "replies": [], 
      "on_item": {
        "name": "Cheap Shop", 
        "by": "Anamanaguchi"
      }, 
      "likes": [], 
      "posted": "2012-03-26T22:14:07"
    }, 
    {
      "comment": "Yes yes yes yes yes yes yes yes yes yes yes.", 
      "replies": [], 
      "on_item": {
        "name": "I Want It All / We Will Rock You Mash-Up", 
        "by": "Queen"
      }, 
      "likes": [], 
      "posted": "2012-03-13T23:02:08"
    }, 
    {
      "comment": "Sampling power tools? Alright, I can dig it.", 
      "replies": [], 
      "on_item": {
        "name": "Steppin Up", 
        "by": "M.I.A."
      }, 
      "likes": [], 
      "posted": "2012-03-08T03:21:21"
    }, 
    {
      "comment": "Just the chillestest song. Such a delight to my ear-holes.", 
      "replies": [], 
      "on_item": {
        "name": "Splendor", 
        "by": "M83"
      }, 
      "likes": [], 
      "posted": "2012-02-29T01:00:16"
    }, 
    {
      "comment": "WEEEE-YOW", 
      "replies": [], 
      "on_item": {
        "name": "Bridge Burning", 
        "by": "Foo Fighters"
      }, 
      "likes": [], 
      "posted": "2012-02-27T12:51:02"
    }, 
    {
      "comment": "These stupid 30-second preview tracks are seriously ruining my productivity.", 
      "replies": [], 
      "on_item": {
        "name": "Waiting For A Train", 
        "by": "Hans Zimmer"
      }, 
      "likes": [], 
      "posted": "2012-02-27T12:47:07"
    }, 
    {
      "comment": "Every time I listen to this song, I keep turning it up louded and louder. And then I repeat it two or three more times. And then a few more times. And then I turn it up a bit louder. And then play it a few more times.", 
      "replies": [], 
      "on_item": {
        "name": "Clipping", 
        "by": "MuteMath"
      }, 
      "likes": [
        "nathanielbuck", 
        "JulesGreen120"
      ], 
      "posted": "2012-02-23T00:32:41"
    }, 
    {
      "comment": "Katty.", 
      "replies": [], 
      "on_item": {
        "name": "Katty Perry", 
        "by": "Quillia_rox"
      }, 
      "likes": [], 
      "posted": "2012-02-16T23:28:06"
    }, 
    {
      "comment": "Oh man. The bridge or whatever it\u2019s called (1:55-2:17) is probably my all-time favorite thing of any song ever.", 
      "replies": [], 
      "on_item": {
        "name": "Clint Eastwood", 
        "by": "Gorillaz"
      }, 
      "likes": [], 
      "posted": "2012-01-30T18:27:25"
    }, 
    {
      "comment": "Probably my worst Rdio-related achievement.", 
      "replies": [], 
      "on_item": {
        "name": "Bonerrific II: Son of Bonerrific", 
        "by": "mikemeyer"
      }, 
      "likes": [], 
      "posted": "2012-01-20T01:26:54"
    }, 
    {
      "comment": "Probably my finest Rdio-related achievement.", 
      "replies": [], 
      "on_item": {
        "name": "Bonerrific", 
        "by": "mikemeyer"
      }, 
      "likes": [], 
      "posted": "2012-01-20T01:26:42"
    }, 
    {
      "comment": "Ah man. Ghostface Killah really killed track 11. Like bad killed, not \u201ctotally killed it bro\u201d killed. Just straight ruined it. I\u2019m listening to this fantastic album and then BAM, Ghostface Killah all up in my ear drums. It gets me every time.\n\nAlso, as Derek so succinctly pointed out, UGottaListen2B4UDie.", 
      "replies": [], 
      "on_item": {
        "name": "You Know I'm No Good (feat. Ghostface Killah)", 
        "by": "Amy Winehouse"
      }, 
      "likes": [], 
      "posted": "2012-01-17T02:47:37"
    }, 
    {
      "comment": "Britney has the p-form.", 
      "replies": [], 
      "on_item": {
        "name": "Britney Spears", 
        "by": "Britney Spears"
      }, 
      "likes": [], 
      "posted": "2011-05-16T04:12:53"
    }, 
    {
      "comment": "Teenage Russian pseudo-lesbians? Ok, sure.", 
      "replies": [], 
      "on_item": {
        "name": "200 KM/H In The Wrong Lane", 
        "by": "t.A.T.u."
      }, 
      "likes": [], 
      "posted": "2011-01-31T10:46:51"
    }
  ]
}