Name,Artist,Album,Track Number
Two Weeks,Grizzly Bear,Veckatimest,2
Mr. Blue Sky,Electric Light Orchestra,Out Of The Blue,13
Beautiful Day,U2,All That You Can't Leave Behind (Non EU Version),1
June Hymn,The Decemberists,The King Is Dead,8
Fall Into Place,Apartment,The Dreamer Evasive,3
Fresh Feeling,Eels,Souljacker,3
Cross The Tracks (We Better Go Back),The J.B.'s,Funky Good Time: The Anthology,26
Furr,Blitzen Trapper,Furr,3
Lost Coastlines,Okkervil River,The Stand Ins,2
40 Day Dream,Edward Sharpe & The Magnetic Zeros,Edward Sharpe & The Magnetic Zeros,1
Swim Until You Can't See Land,Frightened Rabbit,The Winter of Mixed Drinks,2
Mountain Sound,Of Monsters And Men,My Head Is An Animal,3
Free,Graffiti6,Colours,5
Candy,Paolo Nutini,Sunny Side Up,4
Comanche,Cake,Motorcade of Generosity,1
Since I Left You,The Avalanches,Since I Left You,1
Valerie,Steve Winwood,Revolutions: The Very Best Of Steve Winwood,10
After The Storm,Mumford & Sons,Sigh No More,12
Resurrection Fern,Iron & Wine,The Shepherd's Dog,8
Faster,Matt Nathanson,Modern Love,1
All My Days,Alexi Murdoch,Time Without Consequence,1
Something Good Can Work,Two Door Cinema Club,Tourist History,6
Pentagram,Cake,Motorcade of Generosity,4
Pinwheels,The Smashing Pumpkins,Oceania,7
Hard Knock Life (Ghetto Anthem),Jay-Z,Vol.2 ... Hard Knock Life,2
