Name,Artist,Album,Track Number
Transatlanticism,Death Cab for Cutie,Transatlanticism,7
Le moulin,Yann Tiersen,Amélie From Montmartre (Original Motion Picture Soundtrack),9
Those To Come,The Shins,Chutes Too Narrow,10
Brothers on a Hotel Bed,Death Cab for Cutie,Plans,10
Passenger Seat,Death Cab for Cutie,Transatlanticism,8
I Will Follow You Into The Dark,Death Cab for Cutie,Plans,5
Samson,Regina Spektor,Begin To Hope,3
Splendor,M83,"Hurry Up, We're Dreaming",16
U.F.O.,Coldplay,Mylo Xyloto,9
